"Fold","Model","Dataset","Metric","Value"
"Fold_1","lasso","Internal","Accuracy",1
"Fold_1","lasso","Internal","Accuracy_lower",0.954935964932308
"Fold_1","lasso","Internal","Accuracy_upper",1
"Fold_1","lasso","Internal","BalancedAccuracy",1
"Fold_1","lasso","Internal","Kappa",1
"Fold_1","lasso","Internal","Sensitivity",1
"Fold_1","lasso","Internal","Specificity",1
"Fold_1","lasso","Internal","AUC",1
"Fold_1","lasso","Internal","AUC_CI_Lower",1
"Fold_1","lasso","Internal","AUC_CI_Upper",1
"Fold_1","lasso","Internal","Brier",0.0177742924122741
"Fold_1","glmnet","Internal","Accuracy",0.9875
"Fold_1","glmnet","Internal","Accuracy_lower",0.932312215536078
"Fold_1","glmnet","Internal","Accuracy_upper",0.999683577472367
"Fold_1","glmnet","Internal","BalancedAccuracy",0.991666666666667
"Fold_1","glmnet","Internal","Kappa",0.967213114754098
"Fold_1","glmnet","Internal","Sensitivity",0.983333333333333
"Fold_1","glmnet","Internal","Specificity",1
"Fold_1","glmnet","Internal","AUC",1
"Fold_1","glmnet","Internal","AUC_CI_Lower",1
"Fold_1","glmnet","Internal","AUC_CI_Upper",1
"Fold_1","glmnet","Internal","Brier",0.0240026223323742
"Fold_1","rf","Internal","Accuracy",1
"Fold_1","rf","Internal","Accuracy_lower",0.954935964932308
"Fold_1","rf","Internal","Accuracy_upper",1
"Fold_1","rf","Internal","BalancedAccuracy",1
"Fold_1","rf","Internal","Kappa",1
"Fold_1","rf","Internal","Sensitivity",1
"Fold_1","rf","Internal","Specificity",1
"Fold_1","rf","Internal","AUC",1
"Fold_1","rf","Internal","AUC_CI_Lower",1
"Fold_1","rf","Internal","AUC_CI_Upper",1
"Fold_1","rf","Internal","Brier",0.0247917
"Fold_1","lasso","ffpe","Accuracy",0.790697674418605
"Fold_1","lasso","ffpe","Accuracy_lower",0.639575247905833
"Fold_1","lasso","ffpe","Accuracy_upper",0.89955885332207
"Fold_1","lasso","ffpe","BalancedAccuracy",0.707894736842105
"Fold_1","lasso","ffpe","Kappa",0.289908256880734
"Fold_1","lasso","ffpe","Sensitivity",0.81578947368421
"Fold_1","lasso","ffpe","Specificity",0.6
"Fold_1","lasso","ffpe","AUC",0.852631578947368
"Fold_1","lasso","ffpe","AUC_CI_Lower",0.704303167491866
"Fold_1","lasso","ffpe","AUC_CI_Upper",1
"Fold_1","lasso","ffpe","Brier",0.361254772720809
"Fold_1","glmnet","ffpe","Accuracy",0.837209302325581
"Fold_1","glmnet","ffpe","Accuracy_lower",0.69298912763509
"Fold_1","glmnet","ffpe","Accuracy_upper",0.931947905538531
"Fold_1","glmnet","ffpe","BalancedAccuracy",0.907894736842105
"Fold_1","glmnet","ffpe","Kappa",0.507364975450082
"Fold_1","glmnet","ffpe","Sensitivity",0.81578947368421
"Fold_1","glmnet","ffpe","Specificity",1
"Fold_1","glmnet","ffpe","AUC",0.936842105263158
"Fold_1","glmnet","ffpe","AUC_CI_Lower",0.862397285059665
"Fold_1","glmnet","ffpe","AUC_CI_Upper",1
"Fold_1","glmnet","ffpe","Brier",0.236032502707387
"Fold_1","rf","ffpe","Accuracy",0.813953488372093
"Fold_1","rf","ffpe","Accuracy_lower",0.665985532757587
"Fold_1","rf","ffpe","Accuracy_upper",0.916087600224406
"Fold_1","rf","ffpe","BalancedAccuracy",0.721052631578947
"Fold_1","rf","ffpe","Kappa",0.328125
"Fold_1","rf","ffpe","Sensitivity",0.842105263157895
"Fold_1","rf","ffpe","Specificity",0.6
"Fold_1","rf","ffpe","AUC",0.88421052631579
"Fold_1","rf","ffpe","AUC_CI_Lower",0.76194281986146
"Fold_1","rf","ffpe","AUC_CI_Upper",1
"Fold_1","rf","ffpe","Brier",0.229601674418605
"Fold_1","lasso","organoid","Accuracy",0.705882352941177
"Fold_1","lasso","organoid","Accuracy_lower",0.440417281245663
"Fold_1","lasso","organoid","Accuracy_upper",0.89686448562968
"Fold_1","lasso","organoid","BalancedAccuracy",0.616666666666667
"Fold_1","lasso","organoid","Kappa",0.247787610619469
"Fold_1","lasso","organoid","Sensitivity",0.833333333333333
"Fold_1","lasso","organoid","Specificity",0.4
"Fold_1","lasso","organoid","AUC",0.75
"Fold_1","lasso","organoid","AUC_CI_Lower",0.484345610143794
"Fold_1","lasso","organoid","AUC_CI_Upper",1
"Fold_1","lasso","organoid","Brier",0.413707496507646
"Fold_1","glmnet","organoid","Accuracy",0.823529411764706
"Fold_1","glmnet","organoid","Accuracy_lower",0.565682127155716
"Fold_1","glmnet","organoid","Accuracy_upper",0.962014931929374
"Fold_1","glmnet","organoid","BalancedAccuracy",0.758333333333333
"Fold_1","glmnet","organoid","Kappa",0.548672566371681
"Fold_1","glmnet","organoid","Sensitivity",0.916666666666667
"Fold_1","glmnet","organoid","Specificity",0.6
"Fold_1","glmnet","organoid","AUC",0.85
"Fold_1","glmnet","organoid","AUC_CI_Lower",0.633205934970587
"Fold_1","glmnet","organoid","AUC_CI_Upper",1
"Fold_1","glmnet","organoid","Brier",0.33069475790844
"Fold_1","rf","organoid","Accuracy",0.647058823529412
"Fold_1","rf","organoid","Accuracy_lower",0.383283663443403
"Fold_1","rf","organoid","Accuracy_upper",0.857902516889779
"Fold_1","rf","organoid","BalancedAccuracy",0.458333333333333
"Fold_1","rf","organoid","Kappa",-0.108695652173913
"Fold_1","rf","organoid","Sensitivity",0.916666666666667
"Fold_1","rf","organoid","Specificity",0
"Fold_1","rf","organoid","AUC",0.683333333333333
"Fold_1","rf","organoid","AUC_CI_Lower",0.411185413735529
"Fold_1","rf","organoid","AUC_CI_Upper",0.955481252931138
"Fold_1","rf","organoid","Brier",0.409878117647059
"Fold_2","lasso","Internal","Accuracy",0.9875
"Fold_2","lasso","Internal","Accuracy_lower",0.932312215536078
"Fold_2","lasso","Internal","Accuracy_upper",0.999683577472367
"Fold_2","lasso","Internal","BalancedAccuracy",0.991666666666667
"Fold_2","lasso","Internal","Kappa",0.967213114754098
"Fold_2","lasso","Internal","Sensitivity",0.983333333333333
"Fold_2","lasso","Internal","Specificity",1
"Fold_2","lasso","Internal","AUC",0.993333333333333
"Fold_2","lasso","Internal","AUC_CI_Lower",0.97976092359808
"Fold_2","lasso","Internal","AUC_CI_Upper",1
"Fold_2","lasso","Internal","Brier",0.0300673143375639
"Fold_2","glmnet","Internal","Accuracy",0.9875
"Fold_2","glmnet","Internal","Accuracy_lower",0.932312215536078
"Fold_2","glmnet","Internal","Accuracy_upper",0.999683577472367
"Fold_2","glmnet","Internal","BalancedAccuracy",0.991666666666667
"Fold_2","glmnet","Internal","Kappa",0.967213114754098
"Fold_2","glmnet","Internal","Sensitivity",0.983333333333333
"Fold_2","glmnet","Internal","Specificity",1
"Fold_2","glmnet","Internal","AUC",0.9925
"Fold_2","glmnet","Internal","AUC_CI_Lower",0.977334840121724
"Fold_2","glmnet","Internal","AUC_CI_Upper",1
"Fold_2","glmnet","Internal","Brier",0.0403767393074304
"Fold_2","rf","Internal","Accuracy",0.975
"Fold_2","rf","Internal","Accuracy_lower",0.912592844069408
"Fold_2","rf","Internal","Accuracy_upper",0.99695791383519
"Fold_2","rf","Internal","BalancedAccuracy",0.983333333333333
"Fold_2","rf","Internal","Kappa",0.935483870967742
"Fold_2","rf","Internal","Sensitivity",0.966666666666667
"Fold_2","rf","Internal","Specificity",1
"Fold_2","rf","Internal","AUC",0.985
"Fold_2","rf","Internal","AUC_CI_Lower",0.955514702210491
"Fold_2","rf","Internal","AUC_CI_Upper",1
"Fold_2","rf","Internal","Brier",0.0516868
"Fold_2","lasso","ffpe","Accuracy",0.790697674418605
"Fold_2","lasso","ffpe","Accuracy_lower",0.639575247905833
"Fold_2","lasso","ffpe","Accuracy_upper",0.89955885332207
"Fold_2","lasso","ffpe","BalancedAccuracy",0.707894736842105
"Fold_2","lasso","ffpe","Kappa",0.289908256880734
"Fold_2","lasso","ffpe","Sensitivity",0.81578947368421
"Fold_2","lasso","ffpe","Specificity",0.6
"Fold_2","lasso","ffpe","AUC",0.863157894736842
"Fold_2","lasso","ffpe","AUC_CI_Lower",0.731162657006903
"Fold_2","lasso","ffpe","AUC_CI_Upper",0.995153132466782
"Fold_2","lasso","ffpe","Brier",0.34745215450912
"Fold_2","glmnet","ffpe","Accuracy",0.837209302325581
"Fold_2","glmnet","ffpe","Accuracy_lower",0.69298912763509
"Fold_2","glmnet","ffpe","Accuracy_upper",0.931947905538531
"Fold_2","glmnet","ffpe","BalancedAccuracy",0.734210526315789
"Fold_2","glmnet","ffpe","Kappa",0.37160751565762
"Fold_2","glmnet","ffpe","Sensitivity",0.868421052631579
"Fold_2","glmnet","ffpe","Specificity",0.6
"Fold_2","glmnet","ffpe","AUC",0.868421052631579
"Fold_2","glmnet","ffpe","AUC_CI_Lower",0.728776342723173
"Fold_2","glmnet","ffpe","AUC_CI_Upper",1
"Fold_2","glmnet","ffpe","Brier",0.288544280987569
"Fold_2","rf","ffpe","Accuracy",0.790697674418605
"Fold_2","rf","ffpe","Accuracy_lower",0.639575247905833
"Fold_2","rf","ffpe","Accuracy_upper",0.89955885332207
"Fold_2","rf","ffpe","BalancedAccuracy",0.621052631578947
"Fold_2","rf","ffpe","Kappa",0.192066805845511
"Fold_2","rf","ffpe","Sensitivity",0.842105263157895
"Fold_2","rf","ffpe","Specificity",0.4
"Fold_2","rf","ffpe","AUC",0.805263157894737
"Fold_2","rf","ffpe","AUC_CI_Lower",0.644440985334422
"Fold_2","rf","ffpe","AUC_CI_Upper",0.966085330455052
"Fold_2","rf","ffpe","Brier",0.280614139534884
"Fold_2","lasso","organoid","Accuracy",0.823529411764706
"Fold_2","lasso","organoid","Accuracy_lower",0.565682127155716
"Fold_2","lasso","organoid","Accuracy_upper",0.962014931929374
"Fold_2","lasso","organoid","BalancedAccuracy",0.7
"Fold_2","lasso","organoid","Kappa",0.484848484848485
"Fold_2","lasso","organoid","Sensitivity",1
"Fold_2","lasso","organoid","Specificity",0.4
"Fold_2","lasso","organoid","AUC",0.733333333333333
"Fold_2","lasso","organoid","AUC_CI_Lower",0.459231961508874
"Fold_2","lasso","organoid","AUC_CI_Upper",1
"Fold_2","lasso","organoid","Brier",0.357720969215493
"Fold_2","glmnet","organoid","Accuracy",0.705882352941177
"Fold_2","glmnet","organoid","Accuracy_lower",0.440417281245663
"Fold_2","glmnet","organoid","Accuracy_upper",0.89686448562968
"Fold_2","glmnet","organoid","BalancedAccuracy",0.616666666666667
"Fold_2","glmnet","organoid","Kappa",0.247787610619469
"Fold_2","glmnet","organoid","Sensitivity",0.833333333333333
"Fold_2","glmnet","organoid","Specificity",0.4
"Fold_2","glmnet","organoid","AUC",0.733333333333333
"Fold_2","glmnet","organoid","AUC_CI_Lower",0.481455834411777
"Fold_2","glmnet","organoid","AUC_CI_Upper",0.98521083225489
"Fold_2","glmnet","organoid","Brier",0.480107459845371
"Fold_2","rf","organoid","Accuracy",0.764705882352941
"Fold_2","rf","organoid","Accuracy_lower",0.50100672679542
"Fold_2","rf","organoid","Accuracy_upper",0.931892259562643
"Fold_2","rf","organoid","BalancedAccuracy",0.6
"Fold_2","rf","organoid","Kappa",0.260869565217391
"Fold_2","rf","organoid","Sensitivity",1
"Fold_2","rf","organoid","Specificity",0.2
"Fold_2","rf","organoid","AUC",0.55
"Fold_2","rf","organoid","AUC_CI_Lower",0.186713071994803
"Fold_2","rf","organoid","AUC_CI_Upper",0.913286928005197
"Fold_2","rf","organoid","Brier",0.475611764705882
"Fold_3","lasso","Internal","Accuracy",0.9625
"Fold_3","lasso","Internal","Accuracy_lower",0.894298014983491
"Fold_3","lasso","Internal","Accuracy_upper",0.992198812734283
"Fold_3","lasso","Internal","BalancedAccuracy",0.941666666666667
"Fold_3","lasso","Internal","Kappa",0.898305084745763
"Fold_3","lasso","Internal","Sensitivity",0.983333333333333
"Fold_3","lasso","Internal","Specificity",0.9
"Fold_3","lasso","Internal","AUC",0.995833333333333
"Fold_3","lasso","Internal","AUC_CI_Lower",0.988356709220208
"Fold_3","lasso","Internal","AUC_CI_Upper",1
"Fold_3","lasso","Internal","Brier",0.0484742220311639
"Fold_3","glmnet","Internal","Accuracy",0.9625
"Fold_3","glmnet","Internal","Accuracy_lower",0.894298014983491
"Fold_3","glmnet","Internal","Accuracy_upper",0.992198812734283
"Fold_3","glmnet","Internal","BalancedAccuracy",0.941666666666667
"Fold_3","glmnet","Internal","Kappa",0.898305084745763
"Fold_3","glmnet","Internal","Sensitivity",0.983333333333333
"Fold_3","glmnet","Internal","Specificity",0.9
"Fold_3","glmnet","Internal","AUC",0.995833333333333
"Fold_3","glmnet","Internal","AUC_CI_Lower",0.988356709220208
"Fold_3","glmnet","Internal","AUC_CI_Upper",1
"Fold_3","glmnet","Internal","Brier",0.0472059678950111
"Fold_3","rf","Internal","Accuracy",0.9625
"Fold_3","rf","Internal","Accuracy_lower",0.894298014983491
"Fold_3","rf","Internal","Accuracy_upper",0.992198812734283
"Fold_3","rf","Internal","BalancedAccuracy",0.941666666666667
"Fold_3","rf","Internal","Kappa",0.898305084745763
"Fold_3","rf","Internal","Sensitivity",0.983333333333333
"Fold_3","rf","Internal","Specificity",0.9
"Fold_3","rf","Internal","AUC",0.9925
"Fold_3","rf","Internal","AUC_CI_Lower",0.980906379723439
"Fold_3","rf","Internal","AUC_CI_Upper",1
"Fold_3","rf","Internal","Brier",0.0743633
"Fold_3","lasso","ffpe","Accuracy",0.744186046511628
"Fold_3","lasso","ffpe","Accuracy_lower",0.58828427891514
"Fold_3","lasso","ffpe","Accuracy_upper",0.864814049711469
"Fold_3","lasso","ffpe","BalancedAccuracy",0.681578947368421
"Fold_3","lasso","ffpe","Kappa",0.225859247135843
"Fold_3","lasso","ffpe","Sensitivity",0.763157894736842
"Fold_3","lasso","ffpe","Specificity",0.6
"Fold_3","lasso","ffpe","AUC",0.852631578947368
"Fold_3","lasso","ffpe","AUC_CI_Lower",0.695289546001027
"Fold_3","lasso","ffpe","AUC_CI_Upper",1
"Fold_3","lasso","ffpe","Brier",0.403845547679587
"Fold_3","glmnet","ffpe","Accuracy",0.744186046511628
"Fold_3","glmnet","ffpe","Accuracy_lower",0.58828427891514
"Fold_3","glmnet","ffpe","Accuracy_upper",0.864814049711469
"Fold_3","glmnet","ffpe","BalancedAccuracy",0.681578947368421
"Fold_3","glmnet","ffpe","Kappa",0.225859247135843
"Fold_3","glmnet","ffpe","Sensitivity",0.763157894736842
"Fold_3","glmnet","ffpe","Specificity",0.6
"Fold_3","glmnet","ffpe","AUC",0.852631578947368
"Fold_3","glmnet","ffpe","AUC_CI_Lower",0.695289546001027
"Fold_3","glmnet","ffpe","AUC_CI_Upper",1
"Fold_3","glmnet","ffpe","Brier",0.41180059297356
"Fold_3","rf","ffpe","Accuracy",0.813953488372093
"Fold_3","rf","ffpe","Accuracy_lower",0.665985532757587
"Fold_3","rf","ffpe","Accuracy_upper",0.916087600224406
"Fold_3","rf","ffpe","BalancedAccuracy",0.63421052631579
"Fold_3","rf","ffpe","Kappa",0.228699551569507
"Fold_3","rf","ffpe","Sensitivity",0.868421052631579
"Fold_3","rf","ffpe","Specificity",0.4
"Fold_3","rf","ffpe","AUC",0.797368421052632
"Fold_3","rf","ffpe","AUC_CI_Lower",0.609376733171408
"Fold_3","rf","ffpe","AUC_CI_Upper",0.985360108933855
"Fold_3","rf","ffpe","Brier",0.232669023255814
"Fold_3","lasso","organoid","Accuracy",0.647058823529412
"Fold_3","lasso","organoid","Accuracy_lower",0.383283663443403
"Fold_3","lasso","organoid","Accuracy_upper",0.857902516889779
"Fold_3","lasso","organoid","BalancedAccuracy",0.575
"Fold_3","lasso","organoid","Kappa",0.15
"Fold_3","lasso","organoid","Sensitivity",0.75
"Fold_3","lasso","organoid","Specificity",0.4
"Fold_3","lasso","organoid","AUC",0.8
"Fold_3","lasso","organoid","AUC_CI_Lower",0.568596439518284
"Fold_3","lasso","organoid","AUC_CI_Upper",1
"Fold_3","lasso","organoid","Brier",0.508030446820973
"Fold_3","glmnet","organoid","Accuracy",0.647058823529412
"Fold_3","glmnet","organoid","Accuracy_lower",0.383283663443403
"Fold_3","glmnet","organoid","Accuracy_upper",0.857902516889779
"Fold_3","glmnet","organoid","BalancedAccuracy",0.575
"Fold_3","glmnet","organoid","Kappa",0.15
"Fold_3","glmnet","organoid","Sensitivity",0.75
"Fold_3","glmnet","organoid","Specificity",0.4
"Fold_3","glmnet","organoid","AUC",0.8
"Fold_3","glmnet","organoid","AUC_CI_Lower",0.568596439518284
"Fold_3","glmnet","organoid","AUC_CI_Upper",1
"Fold_3","glmnet","organoid","Brier",0.526617029706207
"Fold_3","rf","organoid","Accuracy",0.705882352941177
"Fold_3","rf","organoid","Accuracy_lower",0.440417281245663
"Fold_3","rf","organoid","Accuracy_upper",0.89686448562968
"Fold_3","rf","organoid","BalancedAccuracy",0.5
"Fold_3","rf","organoid","Kappa",0
"Fold_3","rf","organoid","Sensitivity",1
"Fold_3","rf","organoid","Specificity",0
"Fold_3","rf","organoid","AUC",0.441666666666667
"Fold_3","rf","organoid","AUC_CI_Lower",0.0961369370781296
"Fold_3","rf","organoid","AUC_CI_Upper",0.787196396255204
"Fold_3","rf","organoid","Brier",0.427238117647059
"Fold_4","lasso","Internal","Accuracy",1
"Fold_4","lasso","Internal","Accuracy_lower",0.954935964932308
"Fold_4","lasso","Internal","Accuracy_upper",1
"Fold_4","lasso","Internal","BalancedAccuracy",1
"Fold_4","lasso","Internal","Kappa",1
"Fold_4","lasso","Internal","Sensitivity",1
"Fold_4","lasso","Internal","Specificity",1
"Fold_4","lasso","Internal","AUC",1
"Fold_4","lasso","Internal","AUC_CI_Lower",1
"Fold_4","lasso","Internal","AUC_CI_Upper",1
"Fold_4","lasso","Internal","Brier",0.0237534025680259
"Fold_4","glmnet","Internal","Accuracy",0.9875
"Fold_4","glmnet","Internal","Accuracy_lower",0.932312215536078
"Fold_4","glmnet","Internal","Accuracy_upper",0.999683577472367
"Fold_4","glmnet","Internal","BalancedAccuracy",0.991666666666667
"Fold_4","glmnet","Internal","Kappa",0.967213114754098
"Fold_4","glmnet","Internal","Sensitivity",0.983333333333333
"Fold_4","glmnet","Internal","Specificity",1
"Fold_4","glmnet","Internal","AUC",1
"Fold_4","glmnet","Internal","AUC_CI_Lower",1
"Fold_4","glmnet","Internal","AUC_CI_Upper",1
"Fold_4","glmnet","Internal","Brier",0.0201121301238679
"Fold_4","rf","Internal","Accuracy",0.975
"Fold_4","rf","Internal","Accuracy_lower",0.912592844069408
"Fold_4","rf","Internal","Accuracy_upper",0.99695791383519
"Fold_4","rf","Internal","BalancedAccuracy",0.95
"Fold_4","rf","Internal","Kappa",0.931034482758621
"Fold_4","rf","Internal","Sensitivity",1
"Fold_4","rf","Internal","Specificity",0.9
"Fold_4","rf","Internal","AUC",0.99875
"Fold_4","rf","Internal","AUC_CI_Lower",0.995701776883611
"Fold_4","rf","Internal","AUC_CI_Upper",1
"Fold_4","rf","Internal","Brier",0.0393089
"Fold_4","lasso","ffpe","Accuracy",0.790697674418605
"Fold_4","lasso","ffpe","Accuracy_lower",0.639575247905833
"Fold_4","lasso","ffpe","Accuracy_upper",0.89955885332207
"Fold_4","lasso","ffpe","BalancedAccuracy",0.707894736842105
"Fold_4","lasso","ffpe","Kappa",0.289908256880734
"Fold_4","lasso","ffpe","Sensitivity",0.81578947368421
"Fold_4","lasso","ffpe","Specificity",0.6
"Fold_4","lasso","ffpe","AUC",0.842105263157895
"Fold_4","lasso","ffpe","AUC_CI_Lower",0.687255141286066
"Fold_4","lasso","ffpe","AUC_CI_Upper",0.996955385029724
"Fold_4","lasso","ffpe","Brier",0.349644780382277
"Fold_4","glmnet","ffpe","Accuracy",0.790697674418605
"Fold_4","glmnet","ffpe","Accuracy_lower",0.639575247905833
"Fold_4","glmnet","ffpe","Accuracy_upper",0.89955885332207
"Fold_4","glmnet","ffpe","BalancedAccuracy",0.881578947368421
"Fold_4","glmnet","ffpe","Kappa",0.428360413589365
"Fold_4","glmnet","ffpe","Sensitivity",0.763157894736842
"Fold_4","glmnet","ffpe","Specificity",1
"Fold_4","glmnet","ffpe","AUC",0.915789473684211
"Fold_4","glmnet","ffpe","AUC_CI_Lower",0.820843234917501
"Fold_4","glmnet","ffpe","AUC_CI_Upper",1
"Fold_4","glmnet","ffpe","Brier",0.341534503440235
"Fold_4","rf","ffpe","Accuracy",0.813953488372093
"Fold_4","rf","ffpe","Accuracy_lower",0.665985532757587
"Fold_4","rf","ffpe","Accuracy_upper",0.916087600224406
"Fold_4","rf","ffpe","BalancedAccuracy",0.721052631578947
"Fold_4","rf","ffpe","Kappa",0.328125
"Fold_4","rf","ffpe","Sensitivity",0.842105263157895
"Fold_4","rf","ffpe","Specificity",0.6
"Fold_4","rf","ffpe","AUC",0.847368421052632
"Fold_4","rf","ffpe","AUC_CI_Lower",0.710858449820566
"Fold_4","rf","ffpe","AUC_CI_Upper",0.983878392284697
"Fold_4","rf","ffpe","Brier",0.259248558139535
"Fold_4","lasso","organoid","Accuracy",0.764705882352941
"Fold_4","lasso","organoid","Accuracy_lower",0.50100672679542
"Fold_4","lasso","organoid","Accuracy_upper",0.931892259562643
"Fold_4","lasso","organoid","BalancedAccuracy",0.658333333333333
"Fold_4","lasso","organoid","Kappa",0.358490566037736
"Fold_4","lasso","organoid","Sensitivity",0.916666666666667
"Fold_4","lasso","organoid","Specificity",0.4
"Fold_4","lasso","organoid","AUC",0.766666666666667
"Fold_4","lasso","organoid","AUC_CI_Lower",0.515078183903316
"Fold_4","lasso","organoid","AUC_CI_Upper",1
"Fold_4","lasso","organoid","Brier",0.403422110104071
"Fold_4","glmnet","organoid","Accuracy",0.705882352941177
"Fold_4","glmnet","organoid","Accuracy_lower",0.440417281245663
"Fold_4","glmnet","organoid","Accuracy_upper",0.89686448562968
"Fold_4","glmnet","organoid","BalancedAccuracy",0.616666666666667
"Fold_4","glmnet","organoid","Kappa",0.247787610619469
"Fold_4","glmnet","organoid","Sensitivity",0.833333333333333
"Fold_4","glmnet","organoid","Specificity",0.4
"Fold_4","glmnet","organoid","AUC",0.716666666666667
"Fold_4","glmnet","organoid","AUC_CI_Lower",0.452201711773436
"Fold_4","glmnet","organoid","AUC_CI_Upper",0.981131621559897
"Fold_4","glmnet","organoid","Brier",0.503711816722883
"Fold_4","rf","organoid","Accuracy",0.647058823529412
"Fold_4","rf","organoid","Accuracy_lower",0.383283663443403
"Fold_4","rf","organoid","Accuracy_upper",0.857902516889779
"Fold_4","rf","organoid","BalancedAccuracy",0.458333333333333
"Fold_4","rf","organoid","Kappa",-0.108695652173913
"Fold_4","rf","organoid","Sensitivity",0.916666666666667
"Fold_4","rf","organoid","Specificity",0
"Fold_4","rf","organoid","AUC",0.608333333333333
"Fold_4","rf","organoid","AUC_CI_Lower",0.305961608360184
"Fold_4","rf","organoid","AUC_CI_Upper",0.910705058306482
"Fold_4","rf","organoid","Brier",0.437141647058824
"Fold_5","lasso","Internal","Accuracy",0.95
"Fold_5","lasso","Internal","Accuracy_lower",0.876901263556847
"Fold_5","lasso","Internal","Accuracy_upper",0.986210606023538
"Fold_5","lasso","Internal","BalancedAccuracy",0.95
"Fold_5","lasso","Internal","Kappa",0.870967741935484
"Fold_5","lasso","Internal","Sensitivity",0.95
"Fold_5","lasso","Internal","Specificity",0.95
"Fold_5","lasso","Internal","AUC",0.984166666666666
"Fold_5","lasso","Internal","AUC_CI_Lower",0.962518996726983
"Fold_5","lasso","Internal","AUC_CI_Upper",1
"Fold_5","lasso","Internal","Brier",0.0740981697516246
"Fold_5","glmnet","Internal","Accuracy",0.95
"Fold_5","glmnet","Internal","Accuracy_lower",0.876901263556847
"Fold_5","glmnet","Internal","Accuracy_upper",0.986210606023538
"Fold_5","glmnet","Internal","BalancedAccuracy",0.95
"Fold_5","glmnet","Internal","Kappa",0.870967741935484
"Fold_5","glmnet","Internal","Sensitivity",0.95
"Fold_5","glmnet","Internal","Specificity",0.95
"Fold_5","glmnet","Internal","AUC",0.981666666666666
"Fold_5","glmnet","Internal","AUC_CI_Lower",0.957648629481084
"Fold_5","glmnet","Internal","AUC_CI_Upper",1
"Fold_5","glmnet","Internal","Brier",0.0824756511010567
"Fold_5","rf","Internal","Accuracy",0.925
"Fold_5","rf","Internal","Accuracy_lower",0.843872068263928
"Fold_5","rf","Internal","Accuracy_upper",0.971979453823159
"Fold_5","rf","Internal","BalancedAccuracy",0.9
"Fold_5","rf","Internal","Kappa",0.8
"Fold_5","rf","Internal","Sensitivity",0.95
"Fold_5","rf","Internal","Specificity",0.85
"Fold_5","rf","Internal","AUC",0.9775
"Fold_5","rf","Internal","AUC_CI_Lower",0.949605196578839
"Fold_5","rf","Internal","AUC_CI_Upper",1
"Fold_5","rf","Internal","Brier",0.0959867
"Fold_5","lasso","ffpe","Accuracy",0.790697674418605
"Fold_5","lasso","ffpe","Accuracy_lower",0.639575247905833
"Fold_5","lasso","ffpe","Accuracy_upper",0.89955885332207
"Fold_5","lasso","ffpe","BalancedAccuracy",0.707894736842105
"Fold_5","lasso","ffpe","Kappa",0.289908256880734
"Fold_5","lasso","ffpe","Sensitivity",0.81578947368421
"Fold_5","lasso","ffpe","Specificity",0.6
"Fold_5","lasso","ffpe","AUC",0.852631578947368
"Fold_5","lasso","ffpe","AUC_CI_Lower",0.712165482880833
"Fold_5","lasso","ffpe","AUC_CI_Upper",0.993097675013904
"Fold_5","lasso","ffpe","Brier",0.346316965334406
"Fold_5","glmnet","ffpe","Accuracy",0.883720930232558
"Fold_5","glmnet","ffpe","Accuracy_lower",0.749167574654347
"Fold_5","glmnet","ffpe","Accuracy_upper",0.961147685221938
"Fold_5","glmnet","ffpe","BalancedAccuracy",0.847368421052632
"Fold_5","glmnet","ffpe","Kappa",0.551148225469729
"Fold_5","glmnet","ffpe","Sensitivity",0.894736842105263
"Fold_5","glmnet","ffpe","Specificity",0.8
"Fold_5","glmnet","ffpe","AUC",0.936842105263158
"Fold_5","glmnet","ffpe","AUC_CI_Lower",0.862716688348587
"Fold_5","glmnet","ffpe","AUC_CI_Upper",1
"Fold_5","glmnet","ffpe","Brier",0.179791175448262
"Fold_5","rf","ffpe","Accuracy",0.837209302325581
"Fold_5","rf","ffpe","Accuracy_lower",0.69298912763509
"Fold_5","rf","ffpe","Accuracy_upper",0.931947905538531
"Fold_5","rf","ffpe","BalancedAccuracy",0.647368421052632
"Fold_5","rf","ffpe","Kappa",0.271186440677966
"Fold_5","rf","ffpe","Sensitivity",0.894736842105263
"Fold_5","rf","ffpe","Specificity",0.4
"Fold_5","rf","ffpe","AUC",0.831578947368421
"Fold_5","rf","ffpe","AUC_CI_Lower",0.672722510485136
"Fold_5","rf","ffpe","AUC_CI_Upper",0.990435384251707
"Fold_5","rf","ffpe","Brier",0.234984558139535
"Fold_5","lasso","organoid","Accuracy",0.823529411764706
"Fold_5","lasso","organoid","Accuracy_lower",0.565682127155716
"Fold_5","lasso","organoid","Accuracy_upper",0.962014931929374
"Fold_5","lasso","organoid","BalancedAccuracy",0.7
"Fold_5","lasso","organoid","Kappa",0.484848484848485
"Fold_5","lasso","organoid","Sensitivity",1
"Fold_5","lasso","organoid","Specificity",0.4
"Fold_5","lasso","organoid","AUC",0.816666666666667
"Fold_5","lasso","organoid","AUC_CI_Lower",0.586208257420719
"Fold_5","lasso","organoid","AUC_CI_Upper",1
"Fold_5","lasso","organoid","Brier",0.312675748185818
"Fold_5","glmnet","organoid","Accuracy",0.764705882352941
"Fold_5","glmnet","organoid","Accuracy_lower",0.50100672679542
"Fold_5","glmnet","organoid","Accuracy_upper",0.931892259562643
"Fold_5","glmnet","organoid","BalancedAccuracy",0.6
"Fold_5","glmnet","organoid","Kappa",0.260869565217391
"Fold_5","glmnet","organoid","Sensitivity",1
"Fold_5","glmnet","organoid","Specificity",0.2
"Fold_5","glmnet","organoid","AUC",0.85
"Fold_5","glmnet","organoid","AUC_CI_Lower",0.63784196304048
"Fold_5","glmnet","organoid","AUC_CI_Upper",1
"Fold_5","glmnet","organoid","Brier",0.338098805708513
"Fold_5","rf","organoid","Accuracy",0.764705882352941
"Fold_5","rf","organoid","Accuracy_lower",0.50100672679542
"Fold_5","rf","organoid","Accuracy_upper",0.931892259562643
"Fold_5","rf","organoid","BalancedAccuracy",0.6
"Fold_5","rf","organoid","Kappa",0.260869565217391
"Fold_5","rf","organoid","Sensitivity",1
"Fold_5","rf","organoid","Specificity",0.2
"Fold_5","rf","organoid","AUC",0.466666666666667
"Fold_5","rf","organoid","AUC_CI_Lower",0.126548607704391
"Fold_5","rf","organoid","AUC_CI_Upper",0.806784725628943
"Fold_5","rf","organoid","Brier",0.449863529411765
